{"head":{"firstName":"1","middleName":"2","lastName":"3","sex":"MALE"},"name":"EDU","faculties":[{"name":"12-", "head":{"firstName":"1","middleName":"2","lastName":"3","sex":"FEMALE"}, "departments":[{"name":"121", "head":{"firstName":"1","middleName":"2","lastName":"3","sex":"MALE"}, "groups":[{"name":"121-20-1", "students":[{"firstName":"1","middleName":"2","lastName":"3","sex":"FEMALE"}, {"firstName":"1","middleName":"2","lastName":"3","sex":"MALE"}]}, {"name":"121-20-2", "students":[{"firstName":"1","middleName":"2","lastName":"3","sex":"FEMALE"}, {"firstName":"1","middleName":"2","lastName":"3","sex":"MALE"}]}]}, {"name":"122", "head":{"firstName":"1","middleName":"2","lastName":"3","sex":"FEMALE"}, "groups":[{"name":"122-20-1", "students":[{"firstName":"1","middleName":"2","lastName":"3","sex":"MALE"}, {"firstName":"1","middleName":"2","lastName":"3","sex":"FEMALE"}]}, {"name":"122-20-2", "students":[{"firstName":"1","middleName":"2","lastName":"3","sex":"MALE"}, {"firstName":"1","middleName":"2","lastName":"3","sex":"FEMALE"}]}]}]}]}